{
    "cifar10": {
        "After Transfer Learning": {
            "no_opt": {
                "top_1": 0.3952000141143799,
                "top_5": 0.8144999742507935
            },
            "opt": {
                "top_1": 0.47049999237060547,
                "top_5": 0.8611000180244446
            }
        },
        "After Fine-Tuning": {
            "no_opt": {
                "top_1": 0.5194000005722046,
                "top_5": 0.8939999938011169
            },
            "opt": {
                "top_1": 0.5929999947547913,
                "top_5": 0.9211000204086304
            }
        }
    },
    "cifar100": {
        "After Transfer Learning": {
            "no_opt": {
                "top_1": 0.1550000011920929,
                "top_5": 0.3359000086784363
            },
            "opt": {
                "top_1": 0.17479999363422394,
                "top_5": 0.3758000135421753
            }
        },
        "After Fine-Tuning": {
            "no_opt": {
                "top_1": 0.17350000143051147,
                "top_5": 0.3971000015735626
            },
            "opt": {
                "top_1": 0.2736999988555908,
                "top_5": 0.5131999850273132
            }
        }
    },
    "pathmnist": {
        "After Transfer Learning": {
            "no_opt": {
                "top_1": 0.399582177400589,
                "top_5": 0.8759052753448486
            },
            "opt": {
                "top_1": 0.6306406855583191,
                "top_5": 0.9474930167198181
            }
        },
        "After Fine-Tuning": {
            "no_opt": {
                "top_1": 0.5917827486991882,
                "top_5": 0.9222841262817383
            },
            "opt": {
                "top_1": 0.7895542979240417,
                "top_5": 0.9828690886497498
            }
        }
    },
    "dermamnist": {
        "After Transfer Learning": {
            "no_opt": {
                "top_1": 0.19102244079113007,
                "top_5": 0.6912718415260315
            },
            "opt": {
                "top_1": 0.6264339089393616,
                "top_5": 0.9157107472419739
            }
        },
        "After Fine-Tuning": {
            "no_opt": {
                "top_1": 0.618453860282898,
                "top_5": 0.8219451308250427
            },
            "opt": {
                "top_1": 0.6543641090393066,
                "top_5": 0.9725685715675354
            }
        }
    },
    "bloodmnist": {
        "After Transfer Learning": {
            "no_opt": {
                "top_1": 0.7389652132987976,
                "top_5": 0.959953248500824
            },
            "opt": {
                "top_1": 0.7497807741165161,
                "top_5": 0.9529377222061157
            }
        },
        "After Fine-Tuning": {
            "no_opt": {
                "top_1": 0.7898275256156921,
                "top_5": 0.9652148485183716
            },
            "opt": {
                "top_1": 0.8620286583900452,
                "top_5": 0.9967845678329468
            }
        }
    },
    "retinamnist": {
        "After Transfer Learning": {
            "no_opt": {
                "top_1": 0.37,
                "top_5": 1.0
            },
            "opt": {
                "top_1": 0.4075,
                "top_5": 1.0
            }
        },
        "After Fine-Tuning": {
            "no_opt": {
                "top_1": 0.4174,
                "top_5": 1.0
            },
            "opt": {
                "top_1": 0.4745,
                "top_5": 1.0
            }
        }
    }
}