Total Training Time (s),Average Epoch Time (s),Best Epoch,Best Score,Inference Time (s),Number of Parameters,Number of MACs
340.979373216629,12.589703851275974,1,0.8446261882781982,0.5644941329956055,4291016,492968192
