Total Training Time (s),Average Epoch Time (s),Best Epoch,Best Score,Inference Time (s),Number of Parameters,Number of MACs
4037.644255399704,80.6461817264557,24,0.525600016117096,3.8672244548797607,4314660,643897984
