Total Training Time (s),Average Epoch Time (s),Best Epoch,Best Score,Inference Time (s),Number of Parameters,Number of MACs
2108.716816663742,42.03688771724701,24,0.4975999891757965,0.6130123138427734,4314660,643897984
