Total Training Time (s),Average Epoch Time (s),Best Epoch,Best Score,Inference Time (s),Number of Parameters,Number of MACs
1020.3750138282776,10.144670255184174,51,0.600600004196167,0.9951052665710449,4314660,643897984
